clf,mean_test_score,std_test_score,clf__max_depth
DecisionTreeClassifier,0.5378970326416725,0.06342604582423782,3.0
DecisionTreeClassifier,0.5578182386700552,0.05277714042275041,4.0
DecisionTreeClassifier,0.573801757030041,0.06286734129927017,5.0
DecisionTreeClassifier,0.5613472224757434,0.05705139114209297,6.0
DecisionTreeClassifier,0.5606085063264554,0.056066982109406055,7.0
DecisionTreeClassifier,0.5619038871848749,0.05421273234428792,8.0
DecisionTreeClassifier,0.5551351119125129,0.05997740102039071,9.0
DecisionTreeClassifier,0.5389145386292957,0.055467861241322726,
